{"time_last_update":1777052196,"weights":{"frec":0.7,"rece":0.3},"init_weights":{"frec":0.7,"rece":0.3},"norms":{"rece":{"beta":0.001,"mean":3.91416003902807,"var":9.06095547445577},"frec":{"beta":0.001,"mean":20785.364858350582,"var":4280.115134228433}},"score_map":{"Rl256qTFLed_":{"frec":1.6605142585863644,"rece":1.77567224708415,"final":1.6950616551356998},"kIRt_76wu6w8":{"frec":1.156101324600527,"rece":1.4790947805416814,"final":1.2529993613828734},"AL7pj2mGpoqp":{"frec":0.9268227182433281,"rece":0.6638372499975744,"final":0.847927077769602},"VgOc7_YCvNbo":{"frec":-0.5711308432903712,"rece":-1.0901547802469258,"final":-0.7268380243773376}}}